first_name,last_name,email,gender,ip_address,age
Thea,Willimont,twillimont0@nps.gov,Female,65.151.143.133,47
Eydie,Rogans,erogans1@blogs.com,Female,148.78.187.170,25
Susanna,Mccray,stern@gmail.com,Female,72.149.191.144,50
Aamna,Foster,esokullu@yahoo.ca,Male,142.49.61.162,28
Florrie,Blanchard,msusa@comcast.net,Male,177.11.20.207,36
Kit,Bowler,andrei@verizon.net,Female,101.4.223.69,44
Jay,Jenkins,nestor90@hessel.org,Male,148.51.81.145,60
Bradley,Lee,dibbert@blanda.org,Female,35.141.19.141,21
Jess,Broadhurst,porobbie@crona.info,Male,64.191.150.235,40
Kajus,Phillips,wintheiser@hotmail.com,Male,229.105.165.117,32
Franklin,Bush,hrippin@connelly.com,Female,196.64.163.224,16
Harmony,Travers,heath59@cassin.org,Female,115.147.57.233,66
Evalyn,Joseph,neoma@schaefer.info,Male,24.111.140.20,19
Sanjeev,Grey,xmarks@haley.gov,Female,12.237.186.159,49
Jonah,Schofield,monroe63@hotmail.jp,Male,46.249.193.164,64
Darcey,Anderson,stoltenberg@stark.com,Female,65.137.102.7,70
Jeremiah,Lawson,gino41@pouros.edu,Female,147.150.28.115,65
Komal,O'Brien,zkiehn@yahoo.com,Male,84.190.213.105,55
Theia,Whitley,bailee@ernser.com.br,Female,96.0.155.178,42
Martin,Britt,prosaccoo@cullough.com,Male,142.138.193.118,35
Shamima,Payne,janelle18@kuphal.org,Male,1.233.15.165,37
Fahim,Frank,bernardo07@hotmail.com,Female,87.58.210.132,26
Zayn,Horton,rcshank@mccullough.net,Male,1.8.144.104,29
Fariha,Cohen,brandt@langworth.info,Female,102.54.199.133,22
Brendon,Schmidt,ubernhard@lemke.biz,Male,144.34.92.55,51
Jonathon,Mair,bergstrom@hessel.biz,Female,71.102.9.76,58
Jaime,Snow,barbara52@ferry.org,Male,118.145.186.78,67
Walter,Neale,abe23@hoeger.cz,Female,86.252.125.187,39
Amber,Mohammed,terrance82@grady.cz,Male,91.140.105.134,45
Mahnoor,Howard,tparker@littel.us,Female,63.237.96.40,41
